{"accuracy": [0.6196315288543701, 0.8646276593208313, 0.9180311560630798, 0.9423571825027466], "loss": [1.2888542413711548, 0.4250168800354004, 0.25507652759552, 0.1759926676750183], "val_accuracy": [0.8486797213554382, 0.9137263894081116, 0.9278397560119629, 0.9429205656051636], "val_loss": [0.4856773316860199, 0.27825847268104553, 0.22134478390216827, 0.17707063257694244]}